1991.iwpt	1991	Cancun, Mexico	Proceedings of the Second International Workshop on Parsing Technologies
1993.eamt	1993	Heidelberg, Germany	Third International EAMT Workshop: Machine Translation and the Lexicon
1993.iwpt	1993	Tilburg, Netherlands and Durbuy, Belgium	Proceedings of the Third International Workshop on Parsing Technologies
1994.amta	1994	Columbia, Maryland, USA	Proceedings of the First Conference of the Association for Machine Translation in the Americas
1994.eamt	1994	Hildesheim, Germany	Machine Translation and Translation Theory
1995.iwpt	1995	Prague and Karlovy Vary, Czech Republic	Proceedings of the Fourth International Workshop on Parsing Technologies
1996.amta	1996	Montreal, Canada	Conference of the Association for Machine Translation in the Americas
1996.eamt	1996	Vienna, Austria	EAMT Machine Translation Workshop
1997.eamt	1997	Copenhagen, Denmark	EAMT Workshop: Language Technology in your Organization?
1997.iwpt	1997	Boston/Cambridge, Massachusetts, USA	Proceedings of the Fifth International Workshop on Parsing Technologies
1998.eamt	1998	Geneva, Switzerland	Proceedings of the 1998 EAMT Workshop: Translation technology: integration in the workflow environment
1999.eamt	1999	Prague, Czech Republic	EAMT Workshop: EU and the new languages
2000.eamt	2000	Ljubljana, Slovenia	5th EAMT Workshop: Harvesting Existing Resources
2000.iwpt	2000	Trento, Italy	Proceedings of the Sixth International Workshop on Parsing Technologies
2002.eamt	2002	Manchester, England	Proceedings of the 6th EAMT Workshop: Teaching Machine Translation
2003.eamt	2003	Budapest, Hungary	EAMT Workshop: Improving MT through other language technology tools: resources and tools for building MT
2004.eamt	2004	Malta	Proceedings of the 9th EAMT Workshop: Broadening horizons of machine translation and its applications
2005.eamt	2005	Budapest, Hungary	Proceedings of the 10th EAMT Conference: Practical applications of machine translation
2005.sigdial	2005	Lisbon, Portugal	Proceedings of the 6th SIGdial Workshop on Discourse and Dialogue
2006.eamt	2006	Oslo, Norway	Proceedings of the 11th Annual conference of the European Association for Machine Translation
2007.sigdial	2007	Antwerp, Belgium	Proceedings of the 8th SIGdial Workshop on Discourse and Dialogue
2008.eamt	2008	Hamburg, Germany	Proceedings of the 12th Annual conference of the European Association for Machine Translation
2009.eamt	2009	Barcelona, Spain	Proceedings of the 13th Annual conference of the European Association for Machine Translation
2010.eamt	2010	Saint Raphaël, France	Proceedings of the 14th Annual conference of the European Association for Machine Translation
2011.eamt	2011	Leuven, Belgium	Proceedings of the 15th Annual conference of the European Association for Machine Translation
2012.eamt	2012	Trento, Italy	Proceedings of the 16th Annual conference of the European Association for Machine Translation
2014.eamt	2014	Dubrovnik, Croatia	Proceedings of the 17th Annual conference of the European Association for Machine Translation
2014.lilt	2014	@	Linguistic Issues in Language Technology, Volume 9, 2014 - Perspectives on Semantic Representations for Textual Inference
2015.eamt	2015	Antalya, Turkey	Proceedings of the 18th Annual Conference of the European Association for Machine Translation
2015.jeptalnrecital	2015	Caen, France	Actes de la 22e conférence sur le Traitement Automatique des Langues Naturelles. Articles longs
2015.lilt	2015	@	Linguistic Issues in Language Technology, Volume 10, 2015
2016.eamt	2016	Riga, Latvia	Proceedings of the 19th Annual Conference of the European Association for Machine Translation: Projects/Products
2016.gwc	2016	Bucharest, Romania	Proceedings of the 8th Global WordNet Conference (GWC)
2016.jeptalnrecital	2016	Paris, France	Actes de la conférence conjointe JEP-TALN-RECITAL 2016. volume 1 : JEP
2016.lilt	2016	@	Linguistic Issues in Language Technology, Volume 13, 2016
2017.jeptalnrecital	2017	Orléans, France	Actes des 24ème Conférence sur le Traitement Automatique des Langues Naturelles. Volume 1 - Articles longs
2017.lilt	2017	@	Linguistic Issues in Language Technology, Volume 15, 2017
2018.jeptalnrecital	2018	Rennes, France	Actes de la Conférence TALN. Volume 1 - Articles longs, articles courts de TALN
2018.lilt	2018	@	Linguistic Issues in Language Technology, Volume 16, 2018
2019.ccnlg	2019	Tokyo, Japan	Proceedings of the 4th Workshop on Computational Creativity in Language Generation
2019.jeptalnrecital	2019	Toulouse, France	Actes de la Conférence sur le Traitement Automatique des Langues Naturelles (TALN) PFIA 2019. Volume I : Articles longs
2019.lilt	2019	@	Linguistic Issues in Language Technology, Volume 17, 2019
2019.nsurl	2019	Trento, Italy	Proceedings of The First International Workshop on NLP Solutions for Under Resourced Languages (NSURL 2019) co-located with ICNLSP 2019 - Short Papers
2020.aacl	2020	@	Proceedings of the 1st Conference of the Asia-Pacific Chapter of the Association for Computational Linguistics and the 10th International Joint Conference on Natural Language Processing
2020.acl	2020	@	Proceedings of the 58th Annual Meeting of the Association for Computational Linguistics
2020.aespen	2020	@	Proceedings of the Workshop on Automated Extraction of Socio-political Events from News 2020
2020.ai4hi	2020	@	Proceedings of the 1st International Workshop on Artificial Intelligence for Historical Image Enrichment and Access
2020.alvr	2020	@	Proceedings of the First Workshop on Advances in Language and Vision Research
2020.alw	2020	@	Proceedings of the Fourth Workshop on Online Abuse and Harms
2020.amta	2020	@	Proceedings of the 14th Conference of the Association for Machine Translation in the Americas (Volume 1: Research Track)
2020.argmining	2020	@	Proceedings of the 7th Workshop on Argument Mining
2020.autosimtrans	2020	@	Proceedings of the First Workshop on Automatic Simultaneous Translation
2020.bea	2020	@	Proceedings of the Fifteenth Workshop on Innovative Use of NLP for Building Educational Applications
2020.bionlp	2020	@	Proceedings of the 19th SIGBioMed Workshop on Biomedical Language Processing
2020.blackboxnlp	2020	@	Proceedings of the Third BlackboxNLP Workshop on Analyzing and Interpreting Neural Networks for NLP
2020.bucc	2020	@	Proceedings of the 13th Workshop on Building and Using Comparable Corpora
2020.calcs	2020	@	Proceedings of the The 4th Workshop on Computational Approaches to Code Switching
2020.ccl	2020	@	Proceedings of the 19th Chinese National Conference on Computational Linguistics
2020.challengehml	2020	@	Second Grand-Challenge and Workshop on Multimodal Language (Challenge-HML)
2020.cl	2020	@	Computational Linguistics, Volume 46, Issue 1 - March 2020
2020.clinicalnlp	2020	@	Proceedings of the 3rd Clinical Natural Language Processing Workshop
2020.cllrd	2020	@	Proceedings of the LREC 2020 Workshop on "Citizen Linguistics in Language Resource Development"
2020.clssts	2020	@	Proceedings of the workshop on Cross-Language Search and Summarization of Text and Speech (CLSSTS2020)
2020.cmcl	2020	@	Proceedings of the Workshop on Cognitive Modeling and Computational Linguistics
2020.cmlc	2020	@	Proceedings of the 8th Workshop on Challenges in the Management of Large Corpora
2020.codi	2020	@	Proceedings of the First Workshop on Computational Approaches to Discourse
2020.cogalex	2020	@	Proceedings of the Workshop on the Cognitive Aspects of the Lexicon
2020.coling	2020	@	Proceedings of the 28th International Conference on Computational Linguistics
2020.computerm	2020	@	Proceedings of the 6th International Workshop on Computational Terminology
2020.conll	2020	@	Proceedings of the 24th Conference on Computational Natural Language Learning
2020.crac	2020	@	Proceedings of the Third Workshop on Computational Models of Reference, Anaphora and Coreference
2020.deelio	2020	@	Proceedings of Deep Learning Inside Out (DeeLIO): The First Workshop on Knowledge Extraction and Integration for Deep Learning Architectures
2020.dmr	2020	@	Proceedings of the Second International Workshop on Designing Meaning Representations
2020.eamt	2020	@	Proceedings of the  
2020.ecnlp	2020	@	Proceedings of The 3rd Workshop on e-Commerce and NLP
2020.ecomnlp	2020	@	Proceedings of Workshop on Natural Language Processing in E-Commerce
2020.emnlp	2020	@	Proceedings of the 2020 Conference on Empirical Methods in Natural Language Processing (EMNLP)
2020.eval4nlp	2020	@	Proceedings of the First Workshop on Evaluation and Comparison of NLP Systems
2020.evalnlgeval	2020	@	Proceedings of the 1st Workshop on Evaluating NLG Evaluation
2020.fever	2020	@	Proceedings of the Third Workshop on Fact Extraction and VERification (FEVER)
2020.figlang	2020	@	Proceedings of the Second Workshop on Figurative Language Processing
2020.findings	2020	@	Findings of the Association for Computational Linguistics: EMNLP 2020
2020.finnlp	2020	@	Proceedings of the Second Workshop on Financial Technology and Natural Language Processing
2020.fnp	2020	@	Proceedings of the 1st Joint Workshop on Financial Narrative Processing and MultiLing Financial Summarisation
2020.framenet	2020	@	Proceedings of the International FrameNet Workshop 2020: Towards a Global, Multilingual FrameNet
2020.gamnlp	2020	@	Workshop on Games and Natural Language Processing
2020.gebnlp	2020	@	Proceedings of the Second Workshop on Gender Bias in Natural Language Processing
2020.globalex	2020	@	Proceedings of the 2020 Globalex Workshop on Linked Lexicography
2020.inlg	2020	@	Proceedings of the 13th International Conference on Natural Language Generation
2020.insights	2020	@	Proceedings of the First Workshop on Insights from Negative Results in NLP
2020.intexsempar	2020	@	Proceedings of the First Workshop on Interactive and Executable Semantic Parsing
2020.isa	2020	@	16th Joint ACL - ISO Workshop on Interoperable Semantic Annotation PROCEEDINGS
2020.iwclul	2020	Wien, Austria	Proceedings of the Sixth International Workshop on Computational Linguistics of Uralic Languages
2020.iwdp	2020	Suzhou, China	Proceedings of the Second International Workshop of Discourse Processing
2020.iwltp	2020	@	Proceedings of the 1st International Workshop on Language Technology Platforms
2020.iwpt	2020	@	Proceedings of the 16th International Conference on Parsing Technologies and the IWPT 2020 Shared Task on Parsing into Enhanced Universal Dependencies
2020.iwslt	2020	@	Proceedings of the 17th International Conference on Spoken Language Translation
2020.jeptalnrecital	2020	Nancy, France	Actes de la 6e conférence conjointe Journées d'Études sur la Parole (JEP, 33e édition), Traitement Automatique des Langues Naturelles (TALN, 27e édition), Rencontre des Étudiants Chercheurs en Informatique pour le Traitement Automatique des Langues (RÉCITAL, 22e édition). Volume 1 : Journées d'Études sur la Parole
2020.knlp	2020	@	Proceedings of Knowledgeable NLP: the First Workshop on Integrating Structured Knowledge and Neural Networks for NLP
2020.lantern	2020	@	Proceedings of the Second Workshop on Beyond Vision and LANguage: inTEgrating Real-world kNowledge (LANTERN)
2020.latechclfl	2020	@	Proceedings of the The 4th Joint SIGHUM Workshop on Computational Linguistics for Cultural Heritage, Social Sciences, Humanities and Literature
2020.law	2020	@	Proceedings of the 14th Linguistic Annotation Workshop
2020.ldl	2020	@	Proceedings of the 7th Workshop on Linked Data in Linguistics (LDL-2020)
2020.lifelongnlp	2020	@	Proceedings of the 2nd Workshop on Life-long Learning for Spoken Language Systems
2020.lincr	2020	@	Proceedings of the Second Workshop on Linguistic and Neurocognitive Resources
2020.loresmt	2020	@	Proceedings of the 3rd Workshop on Technologies for MT of Low Resource Languages
2020.louhi	2020	@	Proceedings of the 11th International Workshop on Health Text Mining and Information Analysis
2020.lr4sshoc	2020	@	Proceedings of the Workshop about Language Resources for the SSH Cloud
2020.lrec	2020	@	Proceedings of the 12th Language Resources and Evaluation Conference
2020.lt4gov	2020	@	Proceedings of the 1st Workshop on Language Technologies for Government and Public Administration (LT4Gov)
2020.lt4hala	2020	@	Proceedings of LT4HALA 2020 - 1st Workshop on Language Technologies for Historical and Ancient Languages
2020.mmw	2020	@	Proceedings of the LREC 2020 Workshop on Multimodal Wordnets (MMW2020)
2020.msr	2020	@	Proceedings of the Third Workshop on Multilingual Surface Realisation
2020.multilingualbio	2020	@	Proceedings of the LREC 2020 Workshop on Multilingual Biomedical Text Processing (MultilingualBIO 2020)
2020.mwe	2020	@	Proceedings of the Joint Workshop on Multiword Expressions and Electronic Lexicons
2020.ngt	2020	@	Proceedings of the Fourth Workshop on Neural Generation and Translation
2020.nl4xai	2020	Dublin, Ireland	2nd Workshop on Interactive Natural Language Technology for Explainable Artificial Intelligence
2020.nli	2020	@	Proceedings of the First Workshop on Natural Language Interfaces
2020.nlp4call	2020	Gothenburg, Sweden	Proceedings of the 9th Workshop on NLP for Computer Assisted Language Learning
2020.nlp4convai	2020	@	Proceedings of the 2nd Workshop on Natural Language Processing for Conversational AI
2020.nlp4if	2020	@	Proceedings of the 3rd NLP4IF Workshop on NLP for Internet Freedom: Censorship, Disinformation, and Propaganda
2020.nlp4musa	2020	@	Proceedings of the 1st Workshop on NLP for Music and Audio (NLP4MusA)
2020.nlpbt	2020	@	Proceedings of the First International Workshop on Natural Language Processing Beyond Text
2020.nlpcovid19	2020	@	Proceedings of the 1st Workshop on NLP for COVID-19 at ACL 2020
2020.nlpcss	2020	@	Proceedings of the Fourth Workshop on Natural Language Processing and Computational Social Science
2020.nlpmc	2020	@	Proceedings of the First Workshop on Natural Language Processing for Medical Conversations
2020.nlposs	2020	@	Proceedings of Second Workshop for NLP Open Source Software (NLP-OSS)
2020.nlptea	2020	@	Proceedings of the 6th Workshop on Natural Language Processing Techniques for Educational Applications
2020.nuse	2020	@	Proceedings of the First Joint Workshop on Narrative Understanding, Storylines, and Events
2020.onion	2020	@	Proceedings of LREC2020 Workshop "People in language, vision and the mind" (ONION2020)
2020.osact	2020	@	Proceedings of the 4th Workshop on Open-Source Arabic Corpora and Processing Tools, with a Shared Task on Offensive Language Detection
2020.pam	2020	@	Proceedings of the Probability and Meaning Conference (PaM 2020)
2020.parlaclarin	2020	@	Proceedings of the Second ParlaCLARIN Workshop
2020.peoples	2020	@	Proceedings of the Third Workshop on Computational Modeling of People's Opinions, Personality, and Emotion's in Social Media
2020.privatenlp	2020	@	Proceedings of the Second Workshop on Privacy in NLP
2020.rail	2020	@	Proceedings of the first workshop on Resources for African Indigenous Languages
2020.rdsm	2020	@	Proceedings of the 3rd International Workshop on Rumours and Deception in Social Media (RDSM)
2020.readi	2020	@	Proceedings of the 1st Workshop on Tools and Resources to Empower People with REAding DIfficulties (READI)
2020.repl4nlp	2020	@	Proceedings of the 5th Workshop on Representation Learning for NLP
2020.restup	2020	@	Proceedings of the Workshop on Resources and Techniques for User and Author Profiling in Abusive Language
2020.scai	2020	@	Proceedings of the 5th International Workshop on Search-Oriented Conversational AI (SCAI)
2020.scil	2020	New York, New York	Proceedings of the Society for Computation in Linguistics 2020
2020.sdp	2020	@	Proceedings of the First Workshop on Scholarly Document Processing
2020.semeval	2020	@	Proceedings of the Fourteenth Workshop on Semantic Evaluation
2020.sigdial	2020	@	Proceedings of the 21th Annual Meeting of the Special Interest Group on Discourse and Dialogue
2020.sigmorphon	2020	@	Proceedings of the 17th SIGMORPHON Workshop on Computational Research in Phonetics, Phonology, and Morphology
2020.signlang	2020	@	Proceedings of the LREC2020 9th Workshop on the Representation and Processing of Sign Languages: Sign Language Resources in the Service of the Language Community, Technological Challenges and Application Perspectives
2020.sigtyp	2020	@	Proceedings of the Second Workshop on Computational Research in Linguistic Typology
2020.sltu	2020	@	Proceedings of the 1st Joint Workshop on Spoken Language Technologies for Under-resourced languages (SLTU) and Collaboration and Computing for Under-Resourced Languages (CCURL)
2020.smm4h	2020	@	Proceedings of the Fifth Social Media Mining for Health Applications Workshop & Shared Task
2020.socialnlp	2020	@	Proceedings of the Eighth International Workshop on Natural Language Processing for Social Media
2020.splu	2020	@	Proceedings of the Third International Workshop on Spatial Language Understanding
2020.spnlp	2020	@	Proceedings of the Fourth Workshop on Structured Prediction for NLP
2020.starsem	2020	@	Proceedings of the Ninth Joint Conference on Lexical and Computational Semantics
2020.stoc	2020	@	Proceedings for the First International Workshop on Social Threats in Online Conversations: Understanding and Management
2020.sustainlp	2020	@	Proceedings of SustaiNLP: Workshop on Simple and Efficient Natural Language Processing
2020.tacl	2020	@	Transactions of the Association for Computational Linguistics, Volume 8
2020.textgraphs	2020	@	Proceedings of the Graph-based Methods for Natural Language Processing (TextGraphs)
2020.tlt	2020	@	Proceedings of the 19th International Workshop on Treebanks and Linguistic Theories
2020.trac	2020	@	Proceedings of the Second Workshop on Trolling, Aggression and Cyberbullying
2020.udw	2020	@	Proceedings of the Fourth Workshop on Universal Dependencies (UDW 2020)
2020.vardial	2020	@	Proceedings of the 7th Workshop on NLP for Similar Languages, Varieties and Dialects
2020.wac	2020	@	Proceedings of the 12th Web as Corpus Workshop
2020.wanlp	2020	@	Proceedings of the Fifth Arabic Natural Language Processing Workshop
2020.wat	2020	@	Proceedings of the 7th Workshop on Asian Translation
2020.webnlg	2020	@	Proceedings of the 3rd International Workshop on Natural Language Generation from the Semantic Web (WebNLG+)
2020.wildre	2020	@	Proceedings of the WILDRE5– 5th Workshop on Indian Language Data: Resources and Evaluation
2020.winlp	2020	@	Proceedings of the The Fourth Widening Natural Language Processing Workshop
2020.wmt	2020	@	Proceedings of the Fifth Conference on Machine Translation
2020.wnut	2020	@	Proceedings of the Sixth Workshop on Noisy User-generated Text (W-NUT 2020)
2020.wosp	2020	@	Proceedings of the 8th International Workshop on Mining Scientific Publications
A00	2000	Seattle, Washington, USA	Sixth Applied Natural Language Processing Conference
A83	1983	Santa Monica, California, USA	First Conference on Applied Natural Language Processing
A88	1988	Austin, Texas, USA	Second Conference on Applied Natural Language Processing
A92	1992	Trento, Italy	Third Conference on Applied Natural Language Processing
A94	1994	Stuttgart, Germany	Fourth Conference on Applied Natural Language Processing
A97	1997	Washington, DC, USA	Fifth Conference on Applied Natural Language Processing
C00	2000	Saarbrücken, Germany	COLING 2000 Volume 1: The 18th International Conference on Computational Linguistics
C02	2002	Taipei, Taiwan	COLING 2002: The 19th International Conference on Computational Linguistics
C04	2004	Geneva, Switzerland	COLING 2004: Proceedings of the 20th International Conference on Computational Linguistics
C08	2008	Manchester, UK	Proceedings of the 22nd International Conference on Computational Linguistics (Coling 2008)
C10	2010	Beijing, China	Proceedings of the 23rd International Conference on Computational Linguistics (Coling 2010)
C12	2012	Mumbai, India	Proceedings of COLING 2012
C14	2014	Dublin, Ireland	Proceedings of COLING 2014, the 25th International Conference on Computational Linguistics: Technical Papers
C16	2016	Osaka, Japan	Proceedings of COLING 2016, the 26th International Conference on Computational Linguistics: Technical Papers
C18	2018	Santa Fe, New Mexico, USA	Proceedings of the 27th International Conference on Computational Linguistics
C65	1965	New York, NY, USA	COLING 1965
C67	1967	Grenoble, France 	COLING 1967 Volume 1: Conference Internationale Sur Le Traitement Automatique Des Langues
C69	1969	Sånga Säby, Sweden	International Conference on Computational Linguistics COLING 1969: Preprint No. 1
C73	1973	Pisa, Italy	COLING 1973 Volume 1: Computational And Mathematical Linguistics: Proceedings of the International Conference on Computational Linguistics
C80	1980	Tokyo, Japan 	COLING 1980 Volume 1: The 8th International Conference on Computational Linguistics
C82	1982	Prague, Czechoslovakia (Czech Republic)	Coling 1982: Proceedings of the Ninth International Conference on Computational Linguistics
C86	1986	Bonn, Germany	Coling 1986 Volume 1: The 11th International Conference on Computational Linguistics
C88	1988	Budapest, Hungary	Coling Budapest 1988 Volume 1: International Conference on Computational Linguistics
C90	1990	Helsinki, Finland	COLING 1990 Volume 1: Papers presented to the 13th International Conference on Computational Linguistics
C92	1992	Nantes, France	COLING 1992 Volume 1: The 15th International Conference on Computational Linguistics
C94	1994	Kyoto, Japan	COLING 1994 Volume 1: The 15th International Conference on Computational Linguistics
C96	1996	Copenhagen, Denmark	COLING 1996 Volume 1: The 16th International Conference on Computational Linguistics
C98	1998	Montreal, Québec, Canada	COLING 1998 Volume 1: The 17th International Conference on Computational Linguistics
D07	2007	Prague, Czech Republic	Proceedings of the 2007 Joint Conference on Empirical Methods in Natural Language Processing and Computational Natural Language Learning (EMNLP-CoNLL)
D08	2008	Honolulu, Hawaii	Proceedings of the 2008 Conference on Empirical Methods in Natural Language Processing
D09	2009	Singapore	Proceedings of the 2009 Conference on Empirical Methods in Natural Language Processing
D10	2010	Cambridge, MA	Proceedings of the 2010 Conference on Empirical Methods in Natural Language Processing
D11	2011	Edinburgh, Scotland, UK.	Proceedings of the 2011 Conference on Empirical Methods in Natural Language Processing
D12	2012	Jeju Island, Korea	Proceedings of the 2012 Joint Conference on Empirical Methods in Natural Language Processing and Computational Natural Language Learning
D13	2013	Seattle, Washington, USA	Proceedings of the 2013 Conference on Empirical Methods in Natural Language Processing
D14	2014	Doha, Qatar	Proceedings of the 2014 Conference on Empirical Methods in Natural Language Processing (EMNLP)
D15	2015	Lisbon, Portugal	Proceedings of the 2015 Conference on Empirical Methods in Natural Language Processing
D16	2016	Austin, Texas	Proceedings of the 2016 Conference on Empirical Methods in Natural Language Processing
D17	2017	Copenhagen, Denmark	Proceedings of the 2017 Conference on Empirical Methods in Natural Language Processing
D18	2018	Brussels, Belgium	Proceedings of the 2018 Conference on Empirical Methods in Natural Language Processing
D19	2019	Hong Kong, China	Proceedings of the 2019 Conference on Empirical Methods in Natural Language Processing and the 9th International Joint Conference on Natural Language Processing (EMNLP-IJCNLP)
E03	2003	Budapest, Hungary	10th Conference of the European Chapter of the Association for Computational Linguistics
E06	2006	Trento, Italy	11th Conference of the European Chapter of the Association for Computational Linguistics
E09	2009	Athens, Greece	Proceedings of the 12th Conference of the European Chapter of the ACL (EACL 2009)
E12	2012	Avignon, France	Proceedings of the 13th Conference of the European Chapter of the Association for Computational Linguistics
E14	2014	Gothenburg, Sweden	Proceedings of the 14th Conference of the European Chapter of the Association for Computational Linguistics
E17	2017	Valencia, Spain	Proceedings of the 15th Conference of the European Chapter of the Association for Computational Linguistics: Volume 1, Long Papers
E83	1983	Pisa, Italy	First Conference of the European Chapter of the Association for Computational Linguistics
E85	1985	Geneva, Switzerland	Second Conference of the European Chapter of the Association for Computational Linguistics
E87	1987	Copenhagen, Denmark	Third Conference of the European Chapter of the Association for Computational Linguistics
E89	1989	Manchester, England	Fourth Conference of the European Chapter of the Association for Computational Linguistics
E91	1991	Berlin, Germany	Fifth Conference of the European Chapter of the Association for Computational Linguistics
E93	1993	Utrecht, The Netherlands	Sixth Conference of the European Chapter of the Association for Computational Linguistics
E95	1995	Dublin, Ireland	Seventh Conference of the European Chapter of the Association for Computational Linguistics
E99	1999	Bergen, Norway	Ninth Conference of the European Chapter of the Association for Computational Linguistics
F12	2012	Grenoble, France	Proceedings of the Joint Conference JEP-TALN-RECITAL 2012, volume 1: JEP
F13	2013	Les Sables d’Olonne, France	Proceedings of TALN 2013 (Volume 1: Long Papers)
F14	2014	Marseille, France	Proceedings of TALN 2014 (Volume 1: Long Papers)
H01	2001	San Diego, California	Proceedings of the First International Conference on Human Language Technology Research
H05	2005	Vancouver, British Columbia, Canada	Proceedings of Human Language Technology Conference and Conference on Empirical Methods in Natural Language Processing
H86	1986	Marina del Rey, California	Strategic Computing - Natural Language Workshop: Proceedings of a Workshop Held at Marina del Rey, California, May 1-2, 1986
H89	1989	Philadelphia, Pennsylvania	Speech and Natural Language: Proceedings of a Workshop Held at Philadelphia, Pennsylvania, February 21-23, 1989
H90	1990	Hidden Valley, Pennsylvania	Speech and Natural Language: Proceedings of a Workshop Held at Hidden Valley, Pennsylvania, June 24-27,1990
H91	1991	Pacific Grove, California	Speech and Natural Language: Proceedings of a Workshop Held at Pacific Grove, California, February 19-22, 1991
H92	1992	Harriman, New York	Speech and Natural Language: Proceedings of a Workshop Held at Harriman, New York, February 23-26, 1992
H93	1993	Plainsboro, New Jersey	Human Language Technology: Proceedings of a Workshop Held at Plainsboro, New Jersey, March 21-24, 1993
H94	1994	Plainsboro, New Jersey	Human Language Technology: Proceedings of a Workshop held at Plainsboro, New Jersey, March 8-11, 1994
I05	2005	Jeju Island, Korea	Second International Joint Conference on Natural Language Processing: Full Papers
I08	2008	Hyderabad, India	Proceedings of the Third International Joint Conference on Natural Language Processing: Volume-I
I11	2011	Chiang Mai, Thailand	Proceedings of 5th International Joint Conference on Natural Language Processing
I13	2013	Nagoya, Japan	Proceedings of the Sixth International Joint Conference on Natural Language Processing
I17	2017	Taipei, Taiwan	Proceedings of the Eighth International Joint Conference on Natural Language Processing (Volume 1: Long Papers)
J00	2000	@	Computational Linguistics, Volume 26, Number 1, March 2000
J01	2001	@	Computational Linguistics, Volume 27, Number 1, March 2001
J02	2002	@	Computational Linguistics, Volume 28, Number 1, March 2002
J03	2003	@	Computational Linguistics, Volume 29, Number 1, March 2003
J04	2004	@	Computational Linguistics, Volume 30, Number 1, March 2004
J05	2005	@	Computational Linguistics, Volume 31, Number 1, March 2005
J06	2006	@	Computational Linguistics, Volume 32, Number 1, March 2006
J07	2007	@	Computational Linguistics, Volume 33, Number 1, March 2007
J08	2008	@	Computational Linguistics, Volume 34, Number 1, March 2008
J09	2009	@	Computational Linguistics, Volume 35, Number 1, March 2009
J10	2010	@	Computational Linguistics, Volume 36, Number 1, March 2010
J11	2011	@	Computational Linguistics, Volume 37, Issue 1 - March 2011
J12	2012	@	Computational Linguistics, Volume 38, Issue 1 - March 2012
J13	2013	@	Computational Linguistics, Volume 39, Issue 1 - March 2013
J14	2014	@	Computational Linguistics, Volume 40, Issue 1 - March 2014
J15	2015	@	Computational Linguistics, Volume 41, Issue 1 - March 2015
J16	2016	@	Computational Linguistics, Volume 42, Issue 1 - March 2016
J17	2017	@	Computational Linguistics, Volume 43, Issue 1 - April 2017
J18	2018	@	Computational Linguistics, Volume 44, Issue 1 - April 2018
J19	2019	@	Computational Linguistics, Volume 45, Issue 1 - March 2019
J74	1974	@	American Journal of Computational Linguistics (September 1974)
J75	1975	@	American Journal of Computational Linguistics (April 1975)
J76	1976	@	American Journal of Computational Linguistics (February 1976)
J77	1977	@	American Journal of Computational Linguistics (February 1977)
J78	1978	@	American Journal of Computational Linguistics (February 1978)
J80	1980	@	American Journal of Computational Linguistics, Volume 6, Number 1, January-March 1980
J81	1981	@	American Journal of Computational Linguistics, Volume 7, Number 1, January-March 1981
J82	1982	@	American Journal of Computational Linguistics, Volume 8, Number 1, January-March 1982
J83	1983	@	American Journal of Computational Linguistics, Volume 9, Number 1, January-March 1983
J84	1984	@	Computational Linguistics. Formerly the American Journal of Computational Linguistics, Volume 10, Number1, January-March 1984
J85	1985	@	Computational Linguistics Formerly the American Journal of Computational Linguistics, Volume 11, Number 1, January-March 1985
J86	1986	@	Computational Linguistics. Formerly the American Journal of Computational Linguistics, Volume 12, Number 1, January-March 1986
J87	1987	@	Computational Linguistics, Formerly the American Journal of Computational Linguistics, Volume 13, Numbers 1-2, January-June 1987
J88	1988	@	Computational Linguistics Association, Formerly the American Journal of Computational Linguistics, Volume 14, Number 1, Winter 1988
J89	1989	@	Computational Linguistics, Volume 15, Number 1, March 1989
J90	1990	@	Computational Linguistics, Volume 16, Number 1, March 1990
J91	1991	@	Computational Linguistics, Volume 17, Number 1, March 1991
J92	1992	@	Computational Linguistics, Volume 18, Number 1, March 1992
J93	1993	@	Computational Linguistics, Volume 19, Number 1, March 1993, Special Issue on Using Large Corpora: I
J94	1994	@	Computational Linguistics, Volume 20, Number 1, March 1994
J95	1995	@	Computational Linguistics, Volume 21, Number 1, March 1995
J96	1996	@	Computational Linguistics, Volume 22, Number 1, March 1996
J97	1997	@	Computational Linguistics, Volume 23, Number 1, March 1997
J98	1998	@	Computational Linguistics, Volume 24, Number 1, March 1998 - Special Issue on Word Sense Disambiguation
J99	1999	@	Computational Linguistics, Volume 25, Number 1, March 1999
K15	2015	Beijing, China	Proceedings of the Nineteenth Conference on Computational Natural Language Learning
K16	2016	Berlin, Germany	Proceedings of The 20th SIGNLL Conference on Computational Natural Language Learning
K17	2017	Vancouver, Canada	Proceedings of the 21st Conference on Computational Natural Language Learning (CoNLL 2017)
K18	2018	Brussels, Belgium	Proceedings of the 22nd Conference on Computational Natural Language Learning
K19	2019	Hong Kong	Proceedings of the 23rd Conference on Computational Natural Language Learning (CoNLL)
L00	2000	Athens, Greece	Proceedings of the Second International Conference on Language Resources and Evaluation (LREC’00)
L02	2002	Las Palmas, Canary Islands - Spain	Proceedings of the Third International Conference on Language Resources and Evaluation (LREC’02)
L04	2004	Lisbon, Portugal	Proceedings of the Fourth International Conference on Language Resources and Evaluation (LREC’04)
L06	2006	Genoa, Italy	Proceedings of the Fifth International Conference on Language Resources and Evaluation (LREC’06)
L08	2008	Marrakech, Morocco	Proceedings of the Sixth International Conference on Language Resources and Evaluation (LREC'08)
L10	2010	Valletta, Malta	Proceedings of the Seventh International Conference on Language Resources and Evaluation (LREC'10)
L12	2012	Istanbul, Turkey	Proceedings of the Eighth International Conference on Language Resources and Evaluation (LREC'12)
L14	2014	Reykjavik, Iceland	Proceedings of the Ninth International Conference on Language Resources and Evaluation (LREC'14)
L16	2016	Portorož, Slovenia	Proceedings of the Tenth International Conference on Language Resources and Evaluation (LREC'16)
L18	2018	Miyazaki, Japan	Proceedings of the Eleventh International Conference on Language Resources and Evaluation (LREC 2018)
M91	1991	San Diego, California	Third Message Uunderstanding Conference (MUC-3): Proceedings of a Conference Held in San Diego, California, May 21-23, 1991
M92	1992	McLean, Virginia	Fourth Message Uunderstanding Conference (MUC-4): Proceedings of a Conference Held in McLean, Virginia, June 16-18, 1992
M93	1993	Baltimore, Maryland	Fifth Message Understanding Conference (MUC-5): Proceedings of a Conference Held in Baltimore, Maryland, August 25-27, 1993
M95	1995	Columbia, Maryland, USA	Sixth Message Understanding Conference (MUC-6): Proceedings of a Conference Held in Columbia, Maryland, November 6-8, 1995
M98	1998	Fairfax, Virginia	Seventh Message Understanding Conference (MUC-7): Proceedings of a Conference Held in Fairfax, Virginia, April 29 - May 1, 1998
N01	2001	Pittsburgh, USA	Second Meeting of the North American Chapter of the Association for Computational Linguistics
N03	2003	Edmonton, Canada	Proceedings of the 2003 Human Language Technology Conference of the North American Chapter of the Association for Computational Linguistics
N04	2004	Boston, Massachusetts, USA	Proceedings of the Human Language Technology Conference of the North American Chapter of the Association for Computational Linguistics: HLT-NAACL 2004
N06	2006	New York City, USA	Proceedings of the Human Language Technology Conference of the NAACL, Main Conference
N07	2007	Rochester, New York	Human Language Technologies 2007: The Conference of the North American Chapter of the Association for Computational Linguistics; Proceedings of the Main Conference
N09	2009	Boulder, Colorado	Proceedings of Human Language Technologies: The 2009 Annual Conference of the North American Chapter of the Association for Computational Linguistics
N10	2010	Los Angeles, California	Human Language Technologies: The 2010 Annual Conference of the North American Chapter of the Association for Computational Linguistics
N12	2012	Montréal, Canada	Proceedings of the 2012 Conference of the North American Chapter of the Association for Computational Linguistics: Human Language Technologies
N13	2013	Atlanta, Georgia	Proceedings of the 2013 Conference of the North American Chapter of the Association for Computational Linguistics: Human Language Technologies
N15	2015	Denver, Colorado	Proceedings of the 2015 Conference of the North American Chapter of the Association for Computational Linguistics: Human Language Technologies
N16	2016	San Diego, California	Proceedings of the 2016 Conference of the North American Chapter of the Association for Computational Linguistics: Human Language Technologies
N18	2018	New Orleans, Louisiana	Proceedings of the 2018 Conference of the North American Chapter of the Association for Computational Linguistics: Human Language Technologies, Volume 1 (Long Papers)
N19	2019	Minneapolis, Minnesota	Proceedings of the 2019 Conference of the North American Chapter of the Association for Computational Linguistics: Human Language Technologies, Volume 1 (Long and Short Papers)
O00	2000	Taipei, Taiwan	Proceedings of Research on Computational Linguistics Conference XIII
O01	2001	Tainan, Taiwan	Proceedings of Research on Computational Linguistics Conference XIV
O02	2002	@	International Journal of Computational Linguistics & Chinese Language Processing, Volume 7, Number 1, February 2002: Special Issue on HowNet and Its Applications
O03	2003	Hsinchu, Taiwan	Proceedings of Research on Computational Linguistics Conference XV
O04	2004	Taipei, Taiwan	Proceedings of the 16th Conference on Computational Linguistics and Speech Processing
O05	2005	Tainan, Taiwan	Proceedings of the 17th Conference on Computational Linguistics and Speech Processing
O06	2006	Hsinchu, Taiwan	Proceedings of the 18th Conference on Computational Linguistics and Speech Processing
O07	2007	Taipei, Taiwan	Proceedings of the 19th Conference on Computational Linguistics and Speech Processing
O08	2008	Taipei, Taiwan	Proceedings of the 20th Conference on Computational Linguistics and Speech Processing
O09	2009	Taichung, Taiwan	Proceedings of the 21st Conference on Computational Linguistics and Speech Processing
O10	2010	Nantou, Taiwan	Proceedings of the 22nd Conference on Computational Linguistics and Speech Processing (ROCLING 2010)
O11	2011	Taipei, Taiwan	Proceedings of the 23rd Conference on Computational Linguistics and Speech Processing (ROCLING 2011)
O12	2012	Chung-Li, Taiwan	Proceedings of the 24th Conference on Computational Linguistics and Speech Processing (ROCLING 2012)
O13	2013	Kaohsiung, Taiwan	Proceedings of the 25th Conference on Computational Linguistics and Speech Processing (ROCLING 2013)
O14	2014	Jhongli, Taiwan	Proceedings of the 26th Conference on Computational Linguistics and Speech Processing (ROCLING 2014)
O15	2015	Hsinchu, Taiwan	Proceedings of the 27th Conference on Computational Linguistics and Speech Processing (ROCLING 2015)
O16	2016	Tainan, Taiwan	Proceedings of the 28th Conference on Computational Linguistics and Speech Processing (ROCLING 2016)
O17	2017	Taipei, Taiwan	Proceedings of the 29th Conference on Computational Linguistics and Speech Processing (ROCLING 2017)
O18	2018	Hsinchu, Taiwan	Proceedings of the 30th Conference on Computational Linguistics and Speech Processing (ROCLING 2018)
O88	1988	Nantou, Taiwan	Proceedings of Rocling I Computational Linguistics Conference I
O89	1989	Nantou, Taiwan	Proceedings of Rocling II Computational Linguistics Conference II
O90	1990	Taipei, Taiwan	Proceedings of Rocling III Computational Linguistics Conference III
O91	1991	Pingtung, Taiwan	Proceedings of Rocling IV Computational Linguistics Conference IV
O92	1992	Taipei, Taiwan	Proceedings of Rocling V Computational Linguistics Conference V
O93	1993	Nantou, Taiwan	Proceedings of Rocling VI Computational Linguistics Conference VI
O94	1994	Hsinchu, Taiwan	Proceedings of Rocling VII Computational Linguistics Conference VII
O95	1995	Taoyuan, Taiwan	Proceedings of Rocling VIII Computational Linguistics Conference VIII
O96	1996	Tainan, Taiwan	Proceedings of Rocling IX Computational Linguistics Conference IX
O97	1997	Taipei, Taiwan	Proceedings of the 10th Research on Computational Linguistics International Conference
O98	1998	Hsinchu, Taiwan	Proceedings of Research on Computational Linguistics Conference XI
O99	1999	Hsinchu, Taiwan	Proceedings of Research on Computational Linguistics Conference XII
P00	2000	Hong Kong	Proceedings of the 38th Annual Meeting of the Association for Computational Linguistics
P01	2001	Toulouse, France	Proceedings of the 39th Annual Meeting of the Association for Computational Linguistics
P02	2002	Philadelphia, Pennsylvania, USA	Proceedings of the 40th Annual Meeting of the Association for Computational Linguistics
P03	2003	Sapporo, Japan	Proceedings of the 41st Annual Meeting of the Association for Computational Linguistics
P04	2004	Barcelona, Spain	Proceedings of the 42nd Annual Meeting of the Association for Computational Linguistics (ACL-04)
P05	2005	Ann Arbor, Michigan	Proceedings of the 43rd Annual Meeting of the Association for Computational Linguistics (ACL’05)
P06	2006	Sydney, Australia	Proceedings of the 21st International Conference on Computational Linguistics and 44th Annual Meeting of the Association for Computational Linguistics
P07	2007	Prague, Czech Republic	Proceedings of the 45th Annual Meeting of the Association of Computational Linguistics
P08	2008	Columbus, Ohio	Proceedings of ACL-08: HLT
P09	2009	Suntec, Singapore	Proceedings of the Joint Conference of the 47th Annual Meeting of the ACL and the 4th International Joint Conference on Natural Language Processing of the AFNLP
P10	2010	Uppsala, Sweden	Proceedings of the 48th Annual Meeting of the Association for Computational Linguistics
P11	2011	Portland, Oregon	Proceedings of the 49th Annual Meeting of the Association for Computational Linguistics: Human Language Technologies
P12	2012	Jeju Island, Korea	Proceedings of the 50th Annual Meeting of the Association for Computational Linguistics (Volume 1: Long Papers)
P13	2013	Sofia, Bulgaria	Proceedings of the 51st Annual Meeting of the Association for Computational Linguistics (Volume 1: Long Papers)
P14	2014	Baltimore, Maryland	Proceedings of the 52nd Annual Meeting of the Association for Computational Linguistics (Volume 1: Long Papers)
P15	2015	Beijing, China	Proceedings of the 53rd Annual Meeting of the Association for Computational Linguistics and the 7th International Joint Conference on Natural Language Processing (Volume 1: Long Papers)
P16	2016	Berlin, Germany	Proceedings of the 54th Annual Meeting of the Association for Computational Linguistics (Volume 1: Long Papers)
P17	2017	Vancouver, Canada	Proceedings of the 55th Annual Meeting of the Association for Computational Linguistics (Volume 1: Long Papers)
P18	2018	Melbourne, Australia	Proceedings of the 56th Annual Meeting of the Association for Computational Linguistics (Volume 1: Long Papers)
P19	2019	Florence, Italy	Proceedings of the 57th Annual Meeting of the Association for Computational Linguistics
P79	1979	La Jolla, California, USA	17th Annual Meeting of the Association for Computational Linguistics
P80	1980	Philadelphia, Pennsylvania, USA	18th Annual Meeting of the Association for Computational Linguistics
P81	1981	Stanford, California, USA	19th Annual Meeting of the Association for Computational Linguistics
P82	1982	Toronto, Ontario, Canada	20th Annual Meeting of the Association for Computational Linguistics
P83	1983	Cambridge, Massachusetts, USA	21st Annual Meeting of the Association for Computational Linguistics
P84	1984	Stanford, California, USA	10th International Conference on Computational Linguistics and 22nd Annual Meeting of the Association for Computational Linguistics
P85	1985	Chicago, Illinois, USA	23rd Annual Meeting of the Association for Computational Linguistics
P86	1986	New York, New York, USA	24th Annual Meeting of the Association for Computational Linguistics
P87	1987	Stanford, California, USA	25th Annual Meeting of the Association for Computational Linguistics
P88	1988	Buffalo, New York, USA	26th Annual Meeting of the Association for Computational Linguistics
P89	1989	Vancouver, British Columbia, Canada	27th Annual Meeting of the Association for Computational Linguistics
P90	1990	Pittsburgh, Pennsylvania, USA	28th Annual Meeting of the Association for Computational Linguistics
P91	1991	Berkeley, California, USA	29th Annual Meeting of the Association for Computational Linguistics
P92	1992	Newark, Delaware, USA	30th Annual Meeting of the Association for Computational Linguistics
P93	1993	Columbus, Ohio, USA	31st Annual Meeting of the Association for Computational Linguistics
P94	1994	Las Cruces, New Mexico, USA	32nd Annual Meeting of the Association for Computational Linguistics
P95	1995	Cambridge, Massachusetts, USA	33rd Annual Meeting of the Association for Computational Linguistics
P96	1996	Santa Cruz, California, USA	34th Annual Meeting of the Association for Computational Linguistics
P97	1997	Madrid, Spain	35th Annual Meeting of the Association for Computational Linguistics and 8th Conference of the European Chapter of the Association for Computational Linguistics
P98	1998	Montreal, Quebec, Canada	36th Annual Meeting of the Association for Computational Linguistics and 17th International Conference on Computational Linguistics, Volume 1
P99	1999	College Park, Maryland, USA	Proceedings of the 37th Annual Meeting of the Association for Computational Linguistics
Q13	2013	@	Transactions of the Association for Computational Linguistics, Volume 1
Q14	2014	@	Transactions of the Association for Computational Linguistics, Volume 2
Q15	2015	@	Transactions of the Association for Computational Linguistics, Volume 3
Q16	2016	@	Transactions of the Association for Computational Linguistics, Volume 4
Q17	2017	@	Transactions of the Association for Computational Linguistics, Volume 5
Q18	2018	@	Transactions of the Association for Computational Linguistics, Volume 6
Q19	2019	@	Transactions of the Association for Computational Linguistics, Volume 7
R09	2009	Borovets, Bulgaria	Proceedings of the International Conference RANLP-2009
R11	2011	Hissar, Bulgaria	Proceedings of the International Conference Recent Advances in Natural Language Processing 2011
R13	2013	Hissar, Bulgaria	Proceedings of the International Conference Recent Advances in Natural Language Processing RANLP 2013
R15	2015	Hissar, Bulgaria	Proceedings of the International Conference Recent Advances in Natural Language Processing
R17	2017	Varna	Proceedings of the International Conference Recent Advances in Natural Language Processing, RANLP 2017
R19	2019	Varna, Bulgaria	Proceedings of the International Conference on Recent Advances in Natural Language Processing (RANLP 2019)
S01	2001	Toulouse, France	Proceedings of SENSEVAL-2 Second International Workshop on Evaluating Word Sense Disambiguation Systems
S07	2007	Prague, Czech Republic	Proceedings of the Fourth International Workshop on Semantic Evaluations (SemEval-2007)
S10	2010	Uppsala, Sweden	Proceedings of the 5th International Workshop on Semantic Evaluation
S12	2012	Montréal, Canada	*SEM 2012: The First Joint Conference on Lexical and Computational Semantics – Volume 1: Proceedings of the main conference and the shared task, and Volume 2: Proceedings of the Sixth International Workshop on Semantic Evaluation (SemEval 2012)
S13	2013	Atlanta, Georgia, USA	Second Joint Conference on Lexical and Computational Semantics (*SEM), Volume 1: Proceedings of the Main Conference and the Shared Task: Semantic Textual Similarity
S14	2014	Dublin, Ireland	Proceedings of the Third Joint Conference on Lexical and Computational Semantics (*SEM 2014)
S15	2015	Denver, Colorado	Proceedings of the Fourth Joint Conference on Lexical and Computational Semantics
S16	2016	Berlin, Germany	Proceedings of the 10th International Workshop on Semantic Evaluation (SemEval-2016)
S17	2017	Vancouver, Canada	Proceedings of the 6th Joint Conference on Lexical and Computational Semantics (*SEM 2017)
S18	2018	New Orleans, Louisiana	Proceedings of The 12th International Workshop on Semantic Evaluation
S19	2019	Minneapolis, Minnesota	Proceedings of the Eighth Joint Conference on Lexical and Computational Semantics (*SEM 2019)
S98	1998	Hermonceux Castle, Sussex, UK	Proceedings of the Pilot SENSEVAL
T75	1975	Cambridge, MA, USA	Theoretical Issues in Natural Language Processing: Supplement
T78	1978	Urbana-Champaign, USA	Theoretical Issues in Natural Language Processing-2
T87	1987	New Mexico State University, USA	Theoretical Issues in Natural Language Processing 3
U03	2003	Melbourne, Australia	Proceedings of the Australasian Language Technology Workshop 2003
U04	2004	Sydney, Australia	Proceedings of the Australasian Language Technology Workshop 2004
U05	2005	Sydney, Australia	Proceedings of the Australasian Language Technology Workshop 2005
U06	2006	Sydney, Australia	Proceedings of the Australasian Language Technology Workshop 2006
U07	2007	Melbourne, Australia	Proceedings of the Australasian Language Technology Workshop 2007
U08	2008	Hobart, Australia	Proceedings of the Australasian Language Technology Association Workshop 2008
U09	2009	Sydney, Australia	Proceedings of the Australasian Language Technology Association Workshop 2009
U10	2010	Melbourne, Australia	Proceedings of the Australasian Language Technology Association Workshop 2010
U11	2011	Canberra, Australia	Proceedings of the Australasian Language Technology Association Workshop 2011
U12	2012	Dunedin, New Zealand	Proceedings of the Australasian Language Technology Association Workshop 2012
U13	2013	Brisbane, Australia	Proceedings of the Australasian Language Technology Association Workshop 2013 (ALTA 2013)
U14	2014	Melbourne, Australia	Proceedings of the Australasian Language Technology Association Workshop 2014
U15	2015	Parramatta, Australia	Proceedings of the Australasian Language Technology Association Workshop 2015
U16	2016	Melbourne, Australia	Proceedings of the Australasian Language Technology Association Workshop 2016
U17	2017	Brisbane, Australia	Proceedings of the Australasian Language Technology Association Workshop 2017
U18	2018	Dunedin, New Zealand	Proceedings of the Australasian Language Technology Association Workshop 2018
U19	2019	Sydney, Australia	Proceedings of the The 17th Annual Workshop of the Australasian Language Technology Association
W00	2000	Seattle, Washington, USA	NAACL-ANLP 2000 Workshop: Syntactic and Semantic Complexity in Natural Language Processing Systems
W01	2001	?	Automatic Summarization
W02	2002	?	Proceedings of the ACL-02 Workshop on Effective Tools and Methodologies for Teaching Natural Language Processing and Computational Linguistics
W03	2003	?	Proceedings of the HLT-NAACL 2003 Workshop on Analysis of Geographic References
W04	2004	?	Proceedings of the 7th Meeting of the ACL Special Interest Group in Computational Phonology: Current Themes in Computational Phonology and Morphology
W05	2005	?	Proceedings of the Second ACL Workshop on Effective Tools and Methodologies for Teaching NLP and CL
W06	2006	?	Proceedings of the Fifth SIGHAN Workshop on Chinese Language Processing
W07	2007	?	Proceedings of the Workshop on Computational Approaches to Figurative Language
W08	2008	?	Proceedings of the 9th SIGdial Workshop on Discourse and Dialogue
W09	2009	?	Proceedings of the EACL 2009 Workshop on the Interaction between Linguistics and Computational Linguistics: Virtuous, Vicious or Vacuous?
W10	2010	?	Proceedings of the NAACL HLT 2010 Workshop on Active Learning for Natural Language Processing
W11	2011	?	Proceedings of the Ninth International Conference on Computational Semantics (IWCS 2011)
W12	2012	?	Proceedings of the Joint Workshop on Exploiting Synergies between Information Retrieval and Machine Translation (ESIRMT) and Hybrid Approaches to Machine Translation (HyTra)
W13	2013	?	Proceedings of the 10th International Conference on Computational Semantics (IWCS 2013) – Long Papers
W14	2014	?	Proceedings of the Seventh Global Wordnet Conference
W15	2015	?	Proceedings of the 11th International Conference on Computational Semantics
W16	2016	?	Proceedings of the Workshop on Human-Computer Question Answering
W17	2017	?	Proceedings of the 2nd Workshop on the Use of Computational Methods in the Study of Endangered Languages
W18	2018	?	Proceedings of the 8th Workshop on Cognitive Modeling and Computational Linguistics (CMCL 2018)
W19	2019	?	Proceedings of the Society for Computation in Linguistics (SCiL) 2019
W77	1977	?	Proceedings of the 1st Nordic Conference of Computational Linguistics (NODALIDA 1977)
W79	1979	?	Proceedings of the 2nd Nordic Conference of Computational Linguistics (NODALIDA 1979)
W81	1981	?	Proceedings of the 3rd Nordic Conference of Computational Linguistics (NODALIDA 1981)
W83	1984	?	Proceedings of the 4th Nordic Conference of Computational Linguistics (NODALIDA 1983)
W85	1986	?	Proceedings of the 5th Nordic Conference of Computational Linguistics (NODALIDA 1985)
W87	1988	?	Proceedings of the 6th Nordic Conference of Computational Linguistics (NODALIDA 1987)
W89	1989	?	Proceedings of the 7th Nordic Conference of Computational Linguistics (NODALIDA 1989)
W90	1990	?	Proceedings of the Fifth International Workshop on Natural Language Generation
W91	1991	?	Reversible Grammar in Natural Language Processing
W93	1993	?	Acquisition of Lexical Knowledge from Text
W94	1994	?	The Balancing Act: Combining Symbolic and Statistical Approaches to Language
W95	1995	?	Third Workshop on Very Large Corpora
W96	1996	?	Fourth Workshop on Very Large Corpora
W97	1997	?	Fifth Workshop on Very Large Corpora
W98	1998	?	Proceedings of the Fourth International Workshop on Tree Adjoining Grammars and Related Frameworks (TAG+4)
W99	1999	?	The Relation of Discourse/Dialogue Structure and Reference
X93	1993	Fredericksburg, Virginia, USA	TIPSTER TEXT PROGRAM: PHASE I: Proceedings of a Workshop held at Fredricksburg, Virginia, September 19-23, 1993
X96	1996	Vienna, Virginia, USA	TIPSTER TEXT PROGRAM PHASE II: Proceedings of a Workshop held at Vienna, Virginia, May 6-8, 1996
X98	1998	Baltimore, Maryland, USA	TIPSTER TEXT PROGRAM PHASE III: Proceedings of a Workshop held at Baltimore, Maryland, October 13-15, 1998
Y00	2000	Waseda University International Conference Center, Tokyo, Japan	Proceedings of the 14th Pacific Asia Conference on Language, Information and Computation
Y01	2001	Hong Kong, China	Proceedings of the 15th Pacific Asia Conference on Language, Information and Computation
Y02	2001	Jeju, Korea	Proceedings of the 16th Pacific Asia Conference on Language, Information and Computation
Y03	2003	Sentosa, Singapore	Proceedings of the 17th Pacific Asia Conference on Language, Information and Computation
Y04	2004	Waseda University, Tokyo, Japan	Proceedings of the 18th Pacific Asia Conference on Language, Information and Computation
Y05	2005	Taipei, Taiwan, R.O.C.	Proceedings of the 19th Pacific Asia Conference on Language, Information and Computation
Y06	2006	Huazhong Normal University, Wuhan, China	Proceedings of the 20th Pacific Asia Conference on Language, Information and Computation
Y07	2007	Seoul National University, Seoul, Korea	Proceedings of the 21st Pacific Asia Conference on Language, Information and Computation
Y08	2008	The University of the Philippines Visayas Cebu College, Cebu City, Philippines	Proceedings of the 22nd Pacific Asia Conference on Language, Information and Computation
Y09	2009	Hong Kong	Proceedings of the 23rd Pacific Asia Conference on Language, Information and Computation, Volume 1
Y10	2010	Tohoku University, Sendai, Japan	Proceedings of the 24th Pacific Asia Conference on Language, Information and Computation
Y11	2011	Singapore	Proceedings of the 25th Pacific Asia Conference on Language, Information and Computation
Y12	2012	Bali, Indonesia	Proceedings of the 26th Pacific Asia Conference on Language, Information, and Computation
Y13	2013	Taipei, Taiwan	Proceedings of the 27th Pacific Asia Conference on Language, Information, and Computation (PACLIC 27)
Y14	2014	Phuket,Thailand	Proceedings of the 28th Pacific Asia Conference on Language, Information and Computing
Y15	2015	Shanghai, China	Proceedings of the 29th Pacific Asia Conference on Language, Information and Computation
Y16	2016	Seoul, South Korea	Proceedings of the 30th Pacific Asia Conference on Language, Information and Computation: Keynote Speeches and Invited Talks
Y17	2017	Cebu City, Philippines	Proceedings of the 31st Pacific Asia Conference on Language, Information and Computation
Y18	2018	Hong Kong	Proceedings of the 32nd Pacific Asia Conference on Language, Information and Computation
Y95	1995	City University of Hong Kong, Hong Kong	Proceedings of the 10th Pacific Asia Conference on Language, Information and Computation
Y96	1996	Seoul, Korea	Proceedings of the 11th Pacific Asia Conference on Language, Information and Computation
Y98	1998	Singapore	Proceedings of the 12th Pacific Asia Conference on Language, Information and Computation
Y99	1999	National Cheng Kung University, Taiwan, R.O.C.	Proceedings of the 13th Pacific Asia Conference on Language, Information and Computation
